version,accuracy,macro_f1
original,0.7941176470588235,0.7850045167118338
positive,0.6176470588235294,0.4901960784313726
negative,0.6470588235294118,0.5466666666666666
neutral,0.6176470588235294,0.4901960784313726
