version,baseline_acc,baseline_f1,neut_acc,neut_f1
original,0.7941176470588235,0.7850045167118338,0.7941176470588235,0.7786046511627907
positive,0.7352941176470589,0.7043478260869566,0.6764705882352942,0.652093023255814
negative,0.7941176470588235,0.7786046511627907,0.7352941176470589,0.7043478260869566
neutral,0.6764705882352942,0.59828141783029,0.7941176470588235,0.7786046511627907
neutralized,0.6764705882352942,0.59828141783029,0.7941176470588235,0.7786046511627907
