set,accuracy,macro_f1,RR→R,RR→F,FF→R,FF→F
Original,0.8529411764705882,0.8464317976513098,18,0,0,11
Positive,0.8529411764705882,0.8464317976513098,18,0,0,11
Negative,0.8235294117647058,0.8178571428571428,17,1,0,11
Neutral,0.7352941176470589,0.6899696048632218,18,0,5,6
